{"lon_min": -107.03554999999999, "lon_max": -106.95995, "lat_min": 37.943259999999995, "lat_max": 37.99726, "context_peaks": []}
