{"lon_min": -107.035555, "lon_max": -106.95995500000002, "lat_min": 37.943345, "lat_max": 37.997345, "context_peaks": []}
