{"lon_min": -107.67564999999999, "lon_max": -107.60005000000001, "lat_min": 37.89378, "lat_max": 37.94778}
