{"lon_min": -107.50044999999999, "lon_max": -107.42485, "lat_min": 37.879515600000005, "lat_max": 37.9390344}
