{"lon_min": -107.50754056, "lon_max": -107.45123044, "lat_min": 37.90090976, "lat_max": 37.93855424}
