{"lon_min": -71.25786068000001, "lon_max": -71.12473231999999, "lat_min": 44.245287680000004, "lat_max": 44.34438632, "context_peaks": []}
