{"lon_min": -71.25786068000001, "lon_max": -71.12473231999999, "lat_min": 44.24568928, "lat_max": 44.344042720000004, "context_peaks": []}
