{"lon_min": -107.2626988, "lon_max": -107.1706612, "lat_min": 37.6069936, "lat_max": 37.7278564, "context_peaks": []}
