{"lon_min": -107.262706, "lon_max": -107.170474, "lat_min": 37.6070768, "lat_max": 37.7278532, "context_peaks": []}
