{"lon_min": -106.27860999999999, "lon_max": -106.20301, "lat_min": 38.391697199999996, "lat_max": 38.4756078}
