{"lon_min": -107.54535999999999, "lon_max": -107.46976000000001, "lat_min": 38.06059828000001, "lat_max": 38.14690972}
