{"lon_min": -107.5634268, "lon_max": -107.4745482, "lat_min": 38.06674468, "lat_max": 38.14667332}
