{"lon_min": -106.43386499999998, "lon_max": -106.358265, "lat_min": 38.893524119999995, "lat_max": 38.95321788}
