{"lon_min": -105.608995, "lon_max": -105.53339500000001, "lat_min": 37.928799999999995, "lat_max": 37.9828}
