{"lon_min": -107.54017499999999, "lon_max": -107.46457500000001, "lat_min": 37.8120904, "lat_max": 37.8865996}
