{"lon_min": -108.14025, "lon_max": -108.06465000000001, "lat_min": 37.819919999999996, "lat_max": 37.87392, "context_peaks": []}
