{"lon_min": -108.140035, "lon_max": -108.06443500000002, "lat_min": 37.819860000000006, "lat_max": 37.87386000000001, "context_peaks": []}
