{"lon_min": -106.57459999999999, "lon_max": -106.49900000000001, "lat_min": 38.65605, "lat_max": 38.71005, "context_peaks": []}
