{"lon_min": -106.57431, "lon_max": -106.49871000000002, "lat_min": 38.65605, "lat_max": 38.71005, "context_peaks": []}
