{"lon_min": -108.02241756, "lon_max": -107.93419344, "lat_min": 37.79341024, "lat_max": 37.87308075999999}
