{"lon_min": -106.66269092, "lon_max": -106.55393708, "lat_min": 39.455140119999996, "lat_max": 39.52452688, "context_peaks": []}
