{"lon_min": -106.62539616000001, "lon_max": -106.52921784, "lat_min": 38.65378508, "lat_max": 38.71148192, "context_peaks": []}
