{"lon_min": -106.57580499999999, "lon_max": -106.50020500000001, "lat_min": 38.936273639999996, "lat_max": 39.02227836}
