{"lon_min": -106.6601262, "lon_max": -106.57112880000001, "lat_min": 38.65372368, "lat_max": 38.713078319999994, "context_peaks": []}
