{"lon_min": -106.65931499999999, "lon_max": -106.57116, "lat_min": 38.65373328, "lat_max": 38.71282872, "context_peaks": []}
