{"lon_min": -106.55442479999999, "lon_max": -106.34882520000001, "lat_min": 39.345416, "lat_max": 39.410864, "context_peaks": []}
