{"lon_min": -105.98669416, "lon_max": -105.90757984, "lat_min": 38.3561, "lat_max": 38.4101, "context_peaks": []}
