{"lon_min": -105.98668176, "lon_max": -105.90790224, "lat_min": 38.3561, "lat_max": 38.4101, "context_peaks": []}
