{"lon_min": -106.78993999999999, "lon_max": -106.71434, "lat_min": 38.889194800000006, "lat_max": 38.9734402, "context_peaks": []}
