{"lon_min": -106.23484823999999, "lon_max": -106.15848576, "lat_min": 39.42702456, "lat_max": 39.50385144, "context_peaks": []}
