{"lon_min": -106.23481999999998, "lon_max": -106.15922, "lat_min": 39.42787, "lat_max": 39.48187}
