{"lon_min": -107.7002176, "lon_max": -107.57986240000001, "lat_min": 37.5978152, "lat_max": 37.6549148}
