{"lon_min": -105.79241992, "lon_max": -105.64994308000001, "lat_min": 38.11469520000001, "lat_max": 38.1750348}
