{"lon_min": -105.79293056, "lon_max": -105.64992344000001, "lat_min": 38.1146082, "lat_max": 38.1739758}
