{"lon_min": -105.66625103999999, "lon_max": -105.56661996000001, "lat_min": 37.9704, "lat_max": 38.0244}
