{"lon_min": -106.87706999999999, "lon_max": -106.80147000000001, "lat_min": 38.95603744, "lat_max": 39.01969156}
