{"lon_min": -106.18005999999998, "lon_max": -106.10446, "lat_min": 39.2377, "lat_max": 39.2917}
