{"lon_min": -106.412206, "lon_max": -106.224394, "lat_min": 39.682269559999995, "lat_max": 39.779211440000005}
