{"lon_min": -105.49346999999999, "lon_max": -105.41787000000001, "lat_min": 37.58611, "lat_max": 37.64011}
