{"lon_min": -106.9704, "lon_max": -106.89480000000002, "lat_min": 37.93286, "lat_max": 37.98686}
