{"lon_min": -106.89580600000001, "lon_max": -106.794799, "lat_min": 37.933994600000005, "lat_max": 38.0272904}
