{"lon_min": -106.643581, "lon_max": -106.530964, "lat_min": 39.40957, "lat_max": 39.463570000000004, "context_peaks": []}
