{"lon_min": -107.53607876, "lon_max": -107.37546224, "lat_min": 37.9911532, "lat_max": 38.1101368}
