{"lon_min": -107.42350492, "lon_max": -107.25273208, "lat_min": 37.64622588, "lat_max": 37.72612212}
