{"lon_min": -106.60167440000001, "lon_max": -106.4074256, "lat_min": 39.362317600000004, "lat_max": 39.5025124}
