{"lon_min": -106.71069327999999, "lon_max": -106.40307472, "lat_min": 37.2808412, "lat_max": 37.4911388, "context_peaks": []}
