{"lon_min": -107.01924, "lon_max": -106.94364000000002, "lat_min": 37.5440096, "lat_max": 37.6873904, "context_peaks": []}
