{"lon_min": -107.01939999999999, "lon_max": -106.94380000000001, "lat_min": 37.5435832, "lat_max": 37.6874068, "context_peaks": []}
