{"lon_min": -106.71069327999999, "lon_max": -106.40307472, "lat_min": 37.28094936, "lat_max": 37.49113464}
