{"lon_min": -106.81385499999999, "lon_max": -106.73825500000001, "lat_min": 38.94164, "lat_max": 38.99564, "context_peaks": []}
