{"lon_min": -106.82892, "lon_max": -106.75332000000002, "lat_min": 38.958929999999995, "lat_max": 39.01293, "context_peaks": []}
