{"lon_min": -106.82894, "lon_max": -106.75334000000002, "lat_min": 38.958835, "lat_max": 39.012835, "context_peaks": []}
