{"lon_min": -107.55933499999999, "lon_max": -107.48373500000001, "lat_min": 37.9672, "lat_max": 38.0212, "context_peaks": []}
