{"lon_min": -107.55919999999999, "lon_max": -107.48360000000001, "lat_min": 37.96702, "lat_max": 38.02102, "context_peaks": []}
