{"lon_min": -107.7641252, "lon_max": -107.68001480000001, "lat_min": 37.906345, "lat_max": 37.960345000000004}
