{"lon_min": -105.19681999999999, "lon_max": -105.12122000000001, "lat_min": 37.24142396, "lat_max": 37.31516204, "context_peaks": []}
