{"lon_min": -105.19684499999998, "lon_max": -105.121245, "lat_min": 37.24149676, "lat_max": 37.31515924, "context_peaks": []}
