{"lon_min": -107.69384036, "lon_max": -107.55353864, "lat_min": 37.66009468, "lat_max": 37.75082332}
