{"lon_min": -107.69384348, "lon_max": -107.55353852, "lat_min": 37.6627042, "lat_max": 37.7507458}
