{"lon_min": -106.58583499999999, "lon_max": -106.51023500000001, "lat_min": 39.1544924, "lat_max": 39.248387599999994}
