{"lon_min": -107.01205884000001, "lon_max": -106.91667215999999, "lat_min": 37.943345, "lat_max": 37.997345}
