{"lon_min": -106.66167999999999, "lon_max": -106.58608000000001, "lat_min": 39.11890128, "lat_max": 39.19762571999999}
