{"lon_min": -106.661605, "lon_max": -106.58600500000001, "lat_min": 39.11890408, "lat_max": 39.19755292, "context_peaks": []}
